name,score
00001_2_scale.jpg,0
00001_scale.jpg,0
00002_scale.jpg,0
00003_2_scale.jpg,0
00003_scale.jpg,0
00004_2_scale.jpg,0
00004_scale.jpg,0
00005_2_scale.jpg,0
00005_scale.jpg,0
00006_2_scale.jpg,0
00006_scale.jpg,0
00007tamp1.jpg,1
00007tamp10.jpg,1
00007tamp11.jpg,1
00007tamp12.jpg,1
00007tamp13.jpg,1
00007tamp14.jpg,1
00007tamp2.jpg,1
00007tamp3.jpg,1
00007tamp4.jpg,1
00007tamp5.jpg,1
00007tamp6.jpg,1
00007tamp7.jpg,1
00007tamp8.jpg,1
00007tamp9.jpg,1
00007_2_scale.jpg,0
00007_scale.jpg,0
00009_2_scale.jpg,0
00009_scale.jpg,0
00010_2_scale.jpg,0
00010_scale.jpg,0
00011_2_scale.jpg,0
00012_2_scale.jpg,0
00012_scale.jpg,0
00013_2_scale.jpg,0
00014_2_scale.jpg,0
00014_scale.jpg,0
00016_2_scale.jpg,0
00016_scale.jpg,0
00017_2_scale.jpg,0
00017_scale.jpg,0
00018_2_scale.jpg,0
00030_2_scale.jpg,0
00031_2_scale.jpg,0
00032_2_scale.jpg,0
00032_scale.jpg,0
00033_2_scale.jpg,0
00033_scale.jpg,0
00034_scale.jpg,0
00035_scale.jpg,0
brasimone002_scale.jpg,0
brasimone003_scale.jpg,0
brasimone005_scale.jpg,0
brasimone006_scale.jpg,0
brasimone007_scale.jpg,0
brasimone008_scale.jpg,0
brasimone009_scale.jpg,0
DCAM0024_scale.jpg,0
DCAM0147_scale.jpg,0
DCAM0158_scale.jpg,0
DCAM0188_scale.jpg,0
DCAM0202_scale.jpg,0
DCAM0502_scale.jpg,0
DSC01166_scale.jpg,0
DSC01169_scale.jpg,0
DSC01170_scale.jpg,0
DSC01171_scale.jpg,0
DSC01172tamp1.jpg,1
DSC01172tamp10.jpg,1
DSC01172tamp11.jpg,1
DSC01172tamp12.jpg,1
DSC01172tamp13.jpg,1
DSC01172tamp14.jpg,1
DSC01172tamp2.jpg,1
DSC01172tamp3.jpg,1
DSC01172tamp4.jpg,1
DSC01172tamp5.jpg,1
DSC01172tamp6.jpg,1
DSC01172tamp7.jpg,1
DSC01172tamp8.jpg,1
DSC01172tamp9.jpg,1
DSC01172_scale.jpg,0
DSC01173_scale.jpg,0
DSC01174_scale.jpg,0
DSC01176tamp1.jpg,1
DSC01176tamp10.jpg,1
DSC01176tamp11.jpg,1
DSC01176tamp12.jpg,1
DSC01176tamp13.jpg,1
DSC01176tamp14.jpg,1
DSC01176tamp2.jpg,1
DSC01176tamp3.jpg,1
DSC01176tamp4.jpg,1
DSC01176tamp5.jpg,1
DSC01176tamp6.jpg,1
DSC01176tamp7.jpg,1
DSC01176tamp8.jpg,1
DSC01176tamp9.jpg,1
DSC01176_scale.jpg,0
DSC01177_scale.jpg,0
DSC01178_scale.jpg,0
DSC01180_scale.jpg,0
DSC01185_scale.jpg,0
DSC01186_scale.jpg,0
DSC01187_scale.jpg,0
DSC01188_scale.jpg,0
DSC01192_scale.jpg,0
DSC01193_scale.jpg,0
DSC01194_scale.jpg,0
DSC01195_scale.jpg,0
DSC01196_scale.jpg,0
DSC01197_scale.jpg,0
DSC01198_scale.jpg,0
DSC01199_scale.jpg,0
DSC01201_scale.jpg,0
DSC01202_scale.jpg,0
DSC01203_scale.jpg,0
DSC01204_scale.jpg,0
DSC01206_scale.jpg,0
DSC01207_scale.jpg,0
DSC01626_scale.jpg,0
DSC01627_scale.jpg,0
DSC01640tamp1.jpg,1
DSC01640tamp10.jpg,1
DSC01640tamp11.jpg,1
DSC01640tamp12.jpg,1
DSC01640tamp13.jpg,1
DSC01640tamp14.jpg,1
DSC01640tamp2.jpg,1
DSC01640tamp3.jpg,1
DSC01640tamp4.jpg,1
DSC01640tamp5.jpg,1
DSC01640tamp6.jpg,1
DSC01640tamp7.jpg,1
DSC01640tamp8.jpg,1
DSC01640tamp9.jpg,1
DSC01640_scale.jpg,0
DSC01843_scale.jpg,0
DSC01844_scale.jpg,0
DSC01919_scale.jpg,0
DSC02215_scale.jpg,0
DSC02267_scale.jpg,0
DSCF0018tamp1.jpg,1
DSCF0018tamp10.jpg,1
DSCF0018tamp11.jpg,1
DSCF0018tamp12.jpg,1
DSCF0018tamp13.jpg,1
DSCF0018tamp14.jpg,1
DSCF0018tamp2.jpg,1
DSCF0018tamp3.jpg,1
DSCF0018tamp4.jpg,1
DSCF0018tamp5.jpg,1
DSCF0018tamp6.jpg,1
DSCF0018tamp7.jpg,1
DSCF0018tamp8.jpg,1
DSCF0018tamp9.jpg,1
DSCF0018_scale.jpg,0
DSCF0019_scale.jpg,0
DSCF0021_scale.jpg,0
DSCF0035_scale.jpg,0
DSCF0044_scale.jpg,0
DSCF0064_scale.jpg,0
DSCF0132_scale.jpg,0
DSCF0164_scale.jpg,0
DSCF0166_scale.jpg,0
DSCF0170tamp1.jpg,1
DSCF0170tamp10.jpg,1
DSCF0170tamp11.jpg,1
DSCF0170tamp12.jpg,1
DSCF0170tamp13.jpg,1
DSCF0170tamp14.jpg,1
DSCF0170tamp2.jpg,1
DSCF0170tamp3.jpg,1
DSCF0170tamp4.jpg,1
DSCF0170tamp5.jpg,1
DSCF0170tamp6.jpg,1
DSCF0170tamp7.jpg,1
DSCF0170tamp8.jpg,1
DSCF0170tamp9.jpg,1
DSCF0170_scale.jpg,0
DSCF0177_scale.jpg,0
DSCF0200_scale.jpg,0
DSCF0201tamp1.jpg,1
DSCF0201tamp10.jpg,1
DSCF0201tamp11.jpg,1
DSCF0201tamp12.jpg,1
DSCF0201tamp13.jpg,1
DSCF0201tamp14.jpg,1
DSCF0201tamp2.jpg,1
DSCF0201tamp3.jpg,1
DSCF0201tamp4.jpg,1
DSCF0201tamp5.jpg,1
DSCF0201tamp6.jpg,1
DSCF0201tamp7.jpg,1
DSCF0201tamp8.jpg,1
DSCF0201tamp9.jpg,1
DSCF0201_scale.jpg,0
DSCF0202_scale.jpg,0
DSCF0203_scale.jpg,0
DSCF0204_scale.jpg,0
DSCF0207_scale.jpg,0
DSCF0211_scale.jpg,0
DSCF0213_scale.jpg,0
DSCF0216_scale.jpg,0
DSCF0218_scale.jpg,0
DSCF0219_scale.jpg,0
DSCF0220_scale.jpg,0
DSCF0222_scale.jpg,0
DSCF0223_scale.jpg,0
DSCF0227_scale.jpg,0
DSCF0230_scale.jpg,0
DSCF0243_scale.jpg,0
DSCF0244_scale.jpg,0
DSCF0258_scale.jpg,0
DSCF0259_scale.jpg,0
DSCF0262_scale.jpg,0
DSCF0263_scale.jpg,0
DSCF0264_scale.jpg,0
DSCF0269_scale.jpg,0
DSCF0270_scale.jpg,0
DSCF0272_scale.jpg,0
DSCF0277_scale.jpg,0
DSCF0278_scale.jpg,0
DSCF0279_scale.jpg,0
DSCF0280_scale.jpg,0
DSCF0670tamp1.jpg,1
DSCF0670tamp10.jpg,1
DSCF0670tamp11.jpg,1
DSCF0670tamp12.jpg,1
DSCF0670tamp13.jpg,1
DSCF0670tamp14.jpg,1
DSCF0670tamp2.jpg,1
DSCF0670tamp3.jpg,1
DSCF0670tamp4.jpg,1
DSCF0670tamp5.jpg,1
DSCF0670tamp6.jpg,1
DSCF0670tamp7.jpg,1
DSCF0670tamp8.jpg,1
DSCF0670tamp9.jpg,1
DSCF0670_scale.jpg,0
DSCF1248tamp1.jpg,1
DSCF1248tamp10.jpg,1
DSCF1248tamp11.jpg,1
DSCF1248tamp12.jpg,1
DSCF1248tamp13.jpg,1
DSCF1248tamp14.jpg,1
DSCF1248tamp2.jpg,1
DSCF1248tamp3.jpg,1
DSCF1248tamp4.jpg,1
DSCF1248tamp5.jpg,1
DSCF1248tamp6.jpg,1
DSCF1248tamp7.jpg,1
DSCF1248tamp8.jpg,1
DSCF1248tamp9.jpg,1
DSCF1248_scale.jpg,0
DSCF1260tamp1.jpg,1
DSCF1260tamp10.jpg,1
DSCF1260tamp11.jpg,1
DSCF1260tamp12.jpg,1
DSCF1260tamp13.jpg,1
DSCF1260tamp14.jpg,1
DSCF1260tamp2.jpg,1
DSCF1260tamp3.jpg,1
DSCF1260tamp4.jpg,1
DSCF1260tamp5.jpg,1
DSCF1260tamp6.jpg,1
DSCF1260tamp7.jpg,1
DSCF1260tamp8.jpg,1
DSCF1260tamp9.jpg,1
DSCF1260_scale.jpg,0
DSCF1337tamp1.jpg,1
DSCF1337tamp10.jpg,1
DSCF1337tamp11.jpg,1
DSCF1337tamp12.jpg,1
DSCF1337tamp13.jpg,1
DSCF1337tamp14.jpg,1
DSCF1337tamp2.jpg,1
DSCF1337tamp3.jpg,1
DSCF1337tamp4.jpg,1
DSCF1337tamp5.jpg,1
DSCF1337tamp6.jpg,1
DSCF1337tamp7.jpg,1
DSCF1337tamp8.jpg,1
DSCF1337tamp9.jpg,1
DSCF1337_scale.jpg,0
DSCF1853tamp1.jpg,1
DSCF1853tamp10.jpg,1
DSCF1853tamp11.jpg,1
DSCF1853tamp12.jpg,1
DSCF1853tamp13.jpg,1
DSCF1853tamp14.jpg,1
DSCF1853tamp2.jpg,1
DSCF1853tamp3.jpg,1
DSCF1853tamp4.jpg,1
DSCF1853tamp5.jpg,1
DSCF1853tamp6.jpg,1
DSCF1853tamp7.jpg,1
DSCF1853tamp8.jpg,1
DSCF1853tamp9.jpg,1
DSCF1853_scale.jpg,0
DSCF18tamp1.jpg,1
DSCF18tamp10.jpg,1
DSCF18tamp11.jpg,1
DSCF18tamp12.jpg,1
DSCF18tamp13.jpg,1
DSCF18tamp14.jpg,1
DSCF18tamp2.jpg,1
DSCF18tamp3.jpg,1
DSCF18tamp4.jpg,1
DSCF18tamp5.jpg,1
DSCF18tamp6.jpg,1
DSCF18tamp7.jpg,1
DSCF18tamp8.jpg,1
DSCF18tamp9.jpg,1
DSCF18_scale.jpg,0
DSCF8tamp1.jpg,1
DSCF8tamp10.jpg,1
DSCF8tamp11.jpg,1
DSCF8tamp12.jpg,1
DSCF8tamp13.jpg,1
DSCF8tamp14.jpg,1
DSCF8tamp2.jpg,1
DSCF8tamp3.jpg,1
DSCF8tamp4.jpg,1
DSCF8tamp5.jpg,1
DSCF8tamp6.jpg,1
DSCF8tamp7.jpg,1
DSCF8tamp8.jpg,1
DSCF8tamp9.jpg,1
DSCF8_scale.jpg,0
DSCN2322_scale.jpg,0
DSCN2329tamp1.jpg,1
DSCN2329tamp10.jpg,1
DSCN2329tamp11.jpg,1
DSCN2329tamp12.jpg,1
DSCN2329tamp13.jpg,1
DSCN2329tamp14.jpg,1
DSCN2329tamp2.jpg,1
DSCN2329tamp3.jpg,1
DSCN2329tamp4.jpg,1
DSCN2329tamp5.jpg,1
DSCN2329tamp6.jpg,1
DSCN2329tamp7.jpg,1
DSCN2329tamp8.jpg,1
DSCN2329tamp9.jpg,1
DSCN2329_scale.jpg,0
DSCN41tamp1.jpg,1
DSCN41tamp10.jpg,1
DSCN41tamp11.jpg,1
DSCN41tamp12.jpg,1
DSCN41tamp13.jpg,1
DSCN41tamp14.jpg,1
DSCN41tamp2.jpg,1
DSCN41tamp3.jpg,1
DSCN41tamp4.jpg,1
DSCN41tamp5.jpg,1
DSCN41tamp6.jpg,1
DSCN41tamp7.jpg,1
DSCN41tamp8.jpg,1
DSCN41tamp9.jpg,1
DSCN41_scale.jpg,0
DSCN47tamp1.jpg,1
DSCN47tamp10.jpg,1
DSCN47tamp11.jpg,1
DSCN47tamp12.jpg,1
DSCN47tamp13.jpg,1
DSCN47tamp14.jpg,1
DSCN47tamp2.jpg,1
DSCN47tamp3.jpg,1
DSCN47tamp4.jpg,1
DSCN47tamp5.jpg,1
DSCN47tamp6.jpg,1
DSCN47tamp7.jpg,1
DSCN47tamp8.jpg,1
DSCN47tamp9.jpg,1
DSCN47_scale.jpg,0
DSCN50_scale.jpg,0
DSC_0002_01_scale.jpg,0
DSC_0003_01_scale.jpg,0
DSC_0004_01_scale.jpg,0
DSC_0005_01_scale.jpg,0
DSC_0007_01_scale.jpg,0
DSC_0011_01_scale.jpg,0
DSC_0013_01tamp1.jpg,1
DSC_0013_01tamp10.jpg,1
DSC_0013_01tamp11.jpg,1
DSC_0013_01tamp12.jpg,1
DSC_0013_01tamp13.jpg,1
DSC_0013_01tamp14.jpg,1
DSC_0013_01tamp2.jpg,1
DSC_0013_01tamp3.jpg,1
DSC_0013_01tamp4.jpg,1
DSC_0013_01tamp5.jpg,1
DSC_0013_01tamp6.jpg,1
DSC_0013_01tamp7.jpg,1
DSC_0013_01tamp8.jpg,1
DSC_0013_01tamp9.jpg,1
DSC_0013_01_scale.jpg,0
DSC_0014_01_scale.jpg,0
DSC_0015_01_scale.jpg,0
DSC_0016_01_scale.jpg,0
DSC_0017_01_scale.jpg,0
DSC_0018_01_scale.jpg,0
DSC_0019_01_scale.jpg,0
DSC_0020_scale.jpg,0
DSC_0021_01_scale.jpg,0
DSC_0022_scale.jpg,0
DSC_0023_01_scale.jpg,0
DSC_0024_01_scale.jpg,0
DSC_0030_01_scale.jpg,0
DSC_0031_01_scale.jpg,0
DSC_0032_01_scale.jpg,0
DSC_0033_scale.jpg,0
DSC_0034_01_scale.jpg,0
DSC_0035_01_scale.jpg,0
DSC_0036_01_scale.jpg,0
DSC_0037_01_scale.jpg,0
DSC_0038_01_scale.jpg,0
DSC_0039_01_scale.jpg,0
DSC_0040_01_scale.jpg,0
DSC_0042_01_scale.jpg,0
DSC_0043_01_scale.jpg,0
DSC_0044_01_scale.jpg,0
DSC_0045_01_scale.jpg,0
DSC_0046_01_scale.jpg,0
DSC_0047_01_scale.jpg,0
DSC_0048_01_scale.jpg,0
DSC_0049_01_scale.jpg,0
DSC_0050_01_scale.jpg,0
DSC_0051_01_scale.jpg,0
DSC_0052_01_scale.jpg,0
DSC_0053_01_scale.jpg,0
DSC_0055_01tamp1.jpg,1
DSC_0055_01tamp10.jpg,1
DSC_0055_01tamp11.jpg,1
DSC_0055_01tamp12.jpg,1
DSC_0055_01tamp13.jpg,1
DSC_0055_01tamp14.jpg,1
DSC_0055_01tamp2.jpg,1
DSC_0055_01tamp3.jpg,1
DSC_0055_01tamp4.jpg,1
DSC_0055_01tamp5.jpg,1
DSC_0055_01tamp6.jpg,1
DSC_0055_01tamp7.jpg,1
DSC_0055_01tamp8.jpg,1
DSC_0055_01tamp9.jpg,1
DSC_0055_01_scale.jpg,0
DSC_0058_01_scale.jpg,0
DSC_0063_01_scale.jpg,0
DSC_0064_01_scale.jpg,0
DSC_0065_01_scale.jpg,0
DSC_0066_01_scale.jpg,0
DSC_0067_01_scale.jpg,0
DSC_0067_scale.jpg,0
DSC_0068_scale.jpg,0
DSC_0069_01_scale.jpg,0
DSC_0069_scale.jpg,0
DSC_0070_01_scale.jpg,0
DSC_0070_scale.jpg,0
DSC_0073_01_scale.jpg,0
DSC_0075_01_scale.jpg,0
DSC_0076_scale.jpg,0
DSC_0077_01_scale.jpg,0
DSC_0077_scale.jpg,0
DSC_0078_01_scale.jpg,0
DSC_0078_scale.jpg,0
DSC_0079_scale.jpg,0
DSC_0080_01_scale.jpg,0
DSC_0081_01_scale.jpg,0
DSC_0081_scale.jpg,0
DSC_0082_01_scale.jpg,0
DSC_0082_scale.jpg,0
DSC_0083_01_scale.jpg,0
DSC_0083_scale.jpg,0
DSC_0084_01_scale.jpg,0
DSC_0085_01_scale.jpg,0
DSC_0087_01_scale.jpg,0
DSC_0088_01_scale.jpg,0
DSC_0089_01_scale.jpg,0
DSC_0090_01_scale.jpg,0
DSC_0090_scale.jpg,0
DSC_0091_01_scale.jpg,0
DSC_0091_scale.jpg,0
DSC_0092_01_scale.jpg,0
DSC_0093_01_scale.jpg,0
DSC_0094_01_scale.jpg,0
DSC_0095_01_scale.jpg,0
DSC_0096_01_scale.jpg,0
DSC_0096_scale.jpg,0
DSC_0097tamp1.jpg,1
DSC_0097tamp10.jpg,1
DSC_0097tamp11.jpg,1
DSC_0097tamp12.jpg,1
DSC_0097tamp13.jpg,1
DSC_0097tamp14.jpg,1
DSC_0097tamp2.jpg,1
DSC_0097tamp3.jpg,1
DSC_0097tamp4.jpg,1
DSC_0097tamp5.jpg,1
DSC_0097tamp6.jpg,1
DSC_0097tamp7.jpg,1
DSC_0097tamp8.jpg,1
DSC_0097tamp9.jpg,1
DSC_0097_01_scale.jpg,0
DSC_0097_scale.jpg,0
DSC_0098_01_scale.jpg,0
DSC_0099_scale.jpg,0
DSC_0100_01_scale.jpg,0
DSC_0101_01_scale.jpg,0
DSC_0102_01_scale.jpg,0
DSC_0103_01_scale.jpg,0
DSC_0103_scale.jpg,0
DSC_0104_01_scale.jpg,0
DSC_0104_scale.jpg,0
DSC_0105_scale.jpg,0
DSC_0106_01_scale.jpg,0
DSC_0106_scale.jpg,0
DSC_0107_01_scale.jpg,0
DSC_0107_scale.jpg,0
DSC_0108_01_scale.jpg,0
DSC_0108_scale.jpg,0
DSC_0109_scale.jpg,0
DSC_0110_01_scale.jpg,0
DSC_0110_scale.jpg,0
DSC_0111_01_scale.jpg,0
DSC_0111_scale.jpg,0
DSC_0112_01_scale.jpg,0
DSC_0112_scale.jpg,0
DSC_0113_scale.jpg,0
DSC_0115_01_scale.jpg,0
DSC_0115_scale.jpg,0
DSC_0116_scale.jpg,0
DSC_0117_01_scale.jpg,0
DSC_0118_01_scale.jpg,0
DSC_0119_scale.jpg,0
DSC_0120_scale.jpg,0
DSC_0121_01_scale.jpg,0
DSC_0121_scale.jpg,0
DSC_0123_01_scale.jpg,0
DSC_0123_scale.jpg,0
DSC_0124_01_scale.jpg,0
DSC_0124_scale.jpg,0
DSC_0125_01_scale.jpg,0
DSC_0125_scale.jpg,0
DSC_0126_scale.jpg,0
DSC_0127_01_scale.jpg,0
DSC_0127_scale.jpg,0
DSC_0128_01_scale.jpg,0
DSC_0128_scale.jpg,0
DSC_0129_01_scale.jpg,0
DSC_0129_scale.jpg,0
DSC_0130_scale.jpg,0
DSC_0131_01_scale.jpg,0
DSC_0131_scale.jpg,0
DSC_0132_scale.jpg,0
DSC_0133_01_scale.jpg,0
DSC_0134_scale.jpg,0
DSC_0135_scale.jpg,0
DSC_0136_01_scale.jpg,0
DSC_0136_scale.jpg,0
DSC_0137_scale.jpg,0
DSC_0138_01_scale.jpg,0
DSC_0138_scale.jpg,0
DSC_0139_scale.jpg,0
DSC_0140_01_scale.jpg,0
DSC_0140_scale.jpg,0
DSC_0141_01_scale.jpg,0
DSC_0141_scale.jpg,0
DSC_0142_01_scale.jpg,0
DSC_0142_scale.jpg,0
DSC_0143_01_scale.jpg,0
DSC_0143_scale.jpg,0
DSC_0144_01_scale.jpg,0
DSC_0145_01_scale.jpg,0
DSC_0145_scale.jpg,0
DSC_0146_01_scale.jpg,0
DSC_0146_scale.jpg,0
DSC_0148_01_scale.jpg,0
DSC_0148_scale.jpg,0
DSC_0149_01_scale.jpg,0
DSC_0149_scale.jpg,0
DSC_0150_scale.jpg,0
DSC_0151_01_scale.jpg,0
DSC_0152_scale.jpg,0
DSC_0153tamp1.jpg,1
DSC_0153tamp10.jpg,1
DSC_0153tamp11.jpg,1
DSC_0153tamp12.jpg,1
DSC_0153tamp13.jpg,1
DSC_0153tamp14.jpg,1
DSC_0153tamp2.jpg,1
DSC_0153tamp3.jpg,1
DSC_0153tamp4.jpg,1
DSC_0153tamp5.jpg,1
DSC_0153tamp6.jpg,1
DSC_0153tamp7.jpg,1
DSC_0153tamp8.jpg,1
DSC_0153tamp9.jpg,1
DSC_0153_01_scale.jpg,0
DSC_0153_scale.jpg,0
DSC_0154_01_scale.jpg,0
DSC_0154_scale.jpg,0
DSC_0155_01_scale.jpg,0
DSC_0156_scale.jpg,0
DSC_0157_scale.jpg,0
DSC_0159_01_scale.jpg,0
DSC_0159_scale.jpg,0
DSC_0160_scale.jpg,0
DSC_0161_scale.jpg,0
DSC_0162_01_scale.jpg,0
DSC_0162_scale.jpg,0
DSC_0163_01_scale.jpg,0
DSC_0164_scale.jpg,0
DSC_0165_scale.jpg,0
DSC_0166_scale.jpg,0
DSC_0173_01_scale.jpg,0
DSC_0173_scale.jpg,0
DSC_0174_01_scale.jpg,0
DSC_0175_01_scale.jpg,0
DSC_0175_scale.jpg,0
DSC_0176_01_scale.jpg,0
DSC_0176_scale.jpg,0
DSC_0177_01_scale.jpg,0
DSC_0177_scale.jpg,0
DSC_0178_scale.jpg,0
DSC_0179_scale.jpg,0
DSC_0180_scale.jpg,0
DSC_0181_scale.jpg,0
DSC_0182_01_scale.jpg,0
DSC_0182_scale.jpg,0
DSC_0184_01_scale.jpg,0
DSC_0184_scale.jpg,0
DSC_0185_scale.jpg,0
DSC_0187_01_scale.jpg,0
DSC_0187_scale.jpg,0
DSC_0188_01_scale.jpg,0
DSC_0188_scale.jpg,0
DSC_0189_scale.jpg,0
DSC_0190_scale.jpg,0
DSC_0191_01_scale.jpg,0
DSC_0192_scale.jpg,0
DSC_0193_scale.jpg,0
DSC_0194_01_scale.jpg,0
DSC_0195_scale.jpg,0
DSC_0196_scale.jpg,0
DSC_0197_scale.jpg,0
DSC_0198_01_scale.jpg,0
DSC_0198_scale.jpg,0
DSC_0199_01_scale.jpg,0
DSC_0199_scale.jpg,0
DSC_0200_01_scale.jpg,0
DSC_0200_scale.jpg,0
DSC_0201_01_scale.jpg,0
DSC_0201_scale.jpg,0
DSC_0202_01_scale.jpg,0
DSC_0203_01_scale.jpg,0
DSC_0204_01_scale.jpg,0
DSC_0205_scale.jpg,0
DSC_0207_01_scale.jpg,0
DSC_0209_01_scale.jpg,0
DSC_0209_scale.jpg,0
DSC_0210_scale.jpg,0
DSC_0211_01_scale.jpg,0
DSC_0212_scale.jpg,0
DSC_0213_01_scale.jpg,0
DSC_0215tamp1.jpg,1
DSC_0215tamp10.jpg,1
DSC_0215tamp11.jpg,1
DSC_0215tamp12.jpg,1
DSC_0215tamp13.jpg,1
DSC_0215tamp14.jpg,1
DSC_0215tamp2.jpg,1
DSC_0215tamp3.jpg,1
DSC_0215tamp4.jpg,1
DSC_0215tamp5.jpg,1
DSC_0215tamp6.jpg,1
DSC_0215tamp7.jpg,1
DSC_0215tamp8.jpg,1
DSC_0215tamp9.jpg,1
DSC_0215_01tamp1.jpg,1
DSC_0215_01tamp10.jpg,1
DSC_0215_01tamp11.jpg,1
DSC_0215_01tamp12.jpg,1
DSC_0215_01tamp13.jpg,1
DSC_0215_01tamp14.jpg,1
DSC_0215_01tamp2.jpg,1
DSC_0215_01tamp3.jpg,1
DSC_0215_01tamp4.jpg,1
DSC_0215_01tamp5.jpg,1
DSC_0215_01tamp6.jpg,1
DSC_0215_01tamp7.jpg,1
DSC_0215_01tamp8.jpg,1
DSC_0215_01tamp9.jpg,1
DSC_0215_01_scale.jpg,0
DSC_0215_scale.jpg,0
DSC_0216_scale.jpg,0
DSC_0217_01_scale.jpg,0
DSC_0217_scale.jpg,0
DSC_0218_scale.jpg,0
DSC_0219_scale.jpg,0
DSC_0220_01_scale.jpg,0
DSC_0220_scale.jpg,0
DSC_0221_scale.jpg,0
DSC_0222_scale.jpg,0
DSC_0223_01_scale.jpg,0
DSC_0223_scale.jpg,0
DSC_0224_scale.jpg,0
DSC_0225_scale.jpg,0
DSC_0226_scale.jpg,0
DSC_0227_01_scale.jpg,0
DSC_0227_scale.jpg,0
DSC_0228_scale.jpg,0
DSC_0230_scale.jpg,0
DSC_0231_scale.jpg,0
DSC_0232_01_scale.jpg,0
DSC_0233_01_scale.jpg,0
DSC_0233_scale.jpg,0
DSC_0234_scale.jpg,0
DSC_0235_01_scale.jpg,0
DSC_0235_scale.jpg,0
DSC_0236_01_scale.jpg,0
DSC_0236_scale.jpg,0
DSC_0238_scale.jpg,0
DSC_0239_01_scale.jpg,0
DSC_0240_scale.jpg,0
DSC_0241_scale.jpg,0
DSC_0242_01tamp1.jpg,1
DSC_0242_01tamp10.jpg,1
DSC_0242_01tamp11.jpg,1
DSC_0242_01tamp12.jpg,1
DSC_0242_01tamp13.jpg,1
DSC_0242_01tamp14.jpg,1
DSC_0242_01tamp2.jpg,1
DSC_0242_01tamp3.jpg,1
DSC_0242_01tamp4.jpg,1
DSC_0242_01tamp5.jpg,1
DSC_0242_01tamp6.jpg,1
DSC_0242_01tamp7.jpg,1
DSC_0242_01tamp8.jpg,1
DSC_0242_01tamp9.jpg,1
DSC_0242_01_scale.jpg,0
DSC_0243_01_scale.jpg,0
DSC_0243_scale.jpg,0
DSC_0245_scale.jpg,0
DSC_0246_scale.jpg,0
DSC_0247_scale.jpg,0
DSC_0248_01_scale.jpg,0
DSC_0249_scale.jpg,0
DSC_0250_01_scale.jpg,0
DSC_0250_scale.jpg,0
DSC_0251_01_scale.jpg,0
DSC_0252_01_scale.jpg,0
DSC_0253_scale.jpg,0
DSC_0254tamp1.jpg,1
DSC_0254tamp10.jpg,1
DSC_0254tamp11.jpg,1
DSC_0254tamp12.jpg,1
DSC_0254tamp13.jpg,1
DSC_0254tamp14.jpg,1
DSC_0254tamp2.jpg,1
DSC_0254tamp3.jpg,1
DSC_0254tamp4.jpg,1
DSC_0254tamp5.jpg,1
DSC_0254tamp6.jpg,1
DSC_0254tamp7.jpg,1
DSC_0254tamp8.jpg,1
DSC_0254tamp9.jpg,1
DSC_0254_scale.jpg,0
DSC_0255_scale.jpg,0
DSC_0256_scale.jpg,0
DSC_0257_scale.jpg,0
DSC_0258tamp1.jpg,1
DSC_0258tamp10.jpg,1
DSC_0258tamp11.jpg,1
DSC_0258tamp12.jpg,1
DSC_0258tamp13.jpg,1
DSC_0258tamp14.jpg,1
DSC_0258tamp2.jpg,1
DSC_0258tamp3.jpg,1
DSC_0258tamp4.jpg,1
DSC_0258tamp5.jpg,1
DSC_0258tamp6.jpg,1
DSC_0258tamp7.jpg,1
DSC_0258tamp8.jpg,1
DSC_0258tamp9.jpg,1
DSC_0258_scale.jpg,0
DSC_0261_01_scale.jpg,0
DSC_0261_scale.jpg,0
DSC_0262_scale.jpg,0
DSC_0263_01_scale.jpg,0
DSC_0264tamp1.jpg,1
DSC_0264tamp10.jpg,1
DSC_0264tamp11.jpg,1
DSC_0264tamp12.jpg,1
DSC_0264tamp13.jpg,1
DSC_0264tamp14.jpg,1
DSC_0264tamp2.jpg,1
DSC_0264tamp3.jpg,1
DSC_0264tamp4.jpg,1
DSC_0264tamp5.jpg,1
DSC_0264tamp6.jpg,1
DSC_0264tamp7.jpg,1
DSC_0264tamp8.jpg,1
DSC_0264tamp9.jpg,1
DSC_0264_scale.jpg,0
DSC_0266_scale.jpg,0
DSC_0272_scale.jpg,0
DSC_0275_scale.jpg,0
DSC_0276_scale.jpg,0
DSC_0277_scale.jpg,0
DSC_0279tamp1.jpg,1
DSC_0279tamp10.jpg,1
DSC_0279tamp11.jpg,1
DSC_0279tamp12.jpg,1
DSC_0279tamp13.jpg,1
DSC_0279tamp14.jpg,1
DSC_0279tamp2.jpg,1
DSC_0279tamp3.jpg,1
DSC_0279tamp4.jpg,1
DSC_0279tamp5.jpg,1
DSC_0279tamp6.jpg,1
DSC_0279tamp7.jpg,1
DSC_0279tamp8.jpg,1
DSC_0279tamp9.jpg,1
DSC_0279_scale.jpg,0
DSC_0282_scale.jpg,0
DSC_0283_scale.jpg,0
DSC_0284_scale.jpg,0
DSC_0286_scale.jpg,0
DSC_0290_scale.jpg,0
DSC_0291_scale.jpg,0
DSC_0298_scale.jpg,0
DSC_0299_scale.jpg,0
DSC_0300_scale.jpg,0
DSC_0302_scale.jpg,0
DSC_0309_scale.jpg,0
DSC_0318_scale.jpg,0
DSC_0319_scale.jpg,0
DSC_0328_scale.jpg,0
DSC_0329_scale.jpg,0
DSC_0330_scale.jpg,0
DSC_0331_scale.jpg,0
DSC_0334_scale.jpg,0
DSC_0335_scale.jpg,0
DSC_0336_scale.jpg,0
DSC_0337_scale.jpg,0
DSC_0338_scale.jpg,0
DSC_0341_scale.jpg,0
DSC_0342_scale.jpg,0
DSC_0343_scale.jpg,0
DSC_0344_scale.jpg,0
DSC_0345_scale.jpg,0
DSC_0346_scale.jpg,0
DSC_0347_scale.jpg,0
DSC_0348_scale.jpg,0
DSC_0349_scale.jpg,0
DSC_0350_scale.jpg,0
DSC_0352_scale.jpg,0
DSC_0355_scale.jpg,0
DSC_0357_scale.jpg,0
DSC_0358_scale.jpg,0
DSC_0371_scale.jpg,0
DSC_0372_scale.jpg,0
DSC_0373_scale.jpg,0
DSC_0376_scale.jpg,0
DSC_0377_scale.jpg,0
DSC_0378_scale.jpg,0
DSC_0379_scale.jpg,0
DSC_0380_scale.jpg,0
DSC_0407_scale.jpg,0
DSC_0408_scale.jpg,0
DSC_0409tamp1.jpg,1
DSC_0409tamp10.jpg,1
DSC_0409tamp11.jpg,1
DSC_0409tamp12.jpg,1
DSC_0409tamp13.jpg,1
DSC_0409tamp14.jpg,1
DSC_0409tamp2.jpg,1
DSC_0409tamp3.jpg,1
DSC_0409tamp4.jpg,1
DSC_0409tamp5.jpg,1
DSC_0409tamp6.jpg,1
DSC_0409tamp7.jpg,1
DSC_0409tamp8.jpg,1
DSC_0409tamp9.jpg,1
DSC_0409_scale.jpg,0
DSC_0410_scale.jpg,0
DSC_0411_scale.jpg,0
DSC_0412_scale.jpg,0
DSC_0413_scale.jpg,0
DSC_0414_scale.jpg,0
DSC_0415_scale.jpg,0
DSC_0416_scale.jpg,0
DSC_0417_scale.jpg,0
DSC_0419_scale.jpg,0
DSC_0420_scale.jpg,0
DSC_0424_scale.jpg,0
DSC_0425_scale.jpg,0
DSC_0427_scale.jpg,0
DSC_0429_scale.jpg,0
DSC_0431_scale.jpg,0
DSC_0432_scale.jpg,0
DSC_0436_scale.jpg,0
DSC_0437_scale.jpg,0
DSC_0438_scale.jpg,0
DSC_0439_scale.jpg,0
DSC_0440_scale.jpg,0
DSC_0443_scale.jpg,0
DSC_0447_scale.jpg,0
DSC_0449_scale.jpg,0
DSC_0450_scale.jpg,0
DSC_0451_scale.jpg,0
DSC_0455_scale.jpg,0
DSC_0457_scale.jpg,0
DSC_0458_scale.jpg,0
DSC_0460_scale.jpg,0
DSC_0461_scale.jpg,0
DSC_0462_scale.jpg,0
DSC_0463_scale.jpg,0
DSC_0467_scale.jpg,0
DSC_0468_scale.jpg,0
DSC_0473_scale.jpg,0
DSC_0474_scale.jpg,0
DSC_0476_scale.jpg,0
DSC_0477_scale.jpg,0
DSC_0479_scale.jpg,0
DSC_0483_scale.jpg,0
DSC_0490_scale.jpg,0
DSC_0491_scale.jpg,0
DSC_0494_scale.jpg,0
DSC_0495_scale.jpg,0
DSC_0496_scale.jpg,0
DSC_0497_scale.jpg,0
DSC_0499_scale.jpg,0
DSC_0535tamp1.jpg,1
DSC_0535tamp10.jpg,1
DSC_0535tamp11.jpg,1
DSC_0535tamp12.jpg,1
DSC_0535tamp13.jpg,1
DSC_0535tamp14.jpg,1
DSC_0535tamp2.jpg,1
DSC_0535tamp3.jpg,1
DSC_0535tamp4.jpg,1
DSC_0535tamp5.jpg,1
DSC_0535tamp6.jpg,1
DSC_0535tamp7.jpg,1
DSC_0535tamp8.jpg,1
DSC_0535tamp9.jpg,1
DSC_0535_scale.jpg,0
DSC_0539_scale.jpg,0
DSC_0541_scale.jpg,0
DSC_0552_scale.jpg,0
DSC_0554_scale.jpg,0
DSC_0559_scale.jpg,0
DSC_0562_scale.jpg,0
DSC_0563_scale.jpg,0
DSC_0564_scale.jpg,0
DSC_0567_scale.jpg,0
DSC_0568_scale.jpg,0
DSC_0569_scale.jpg,0
DSC_0570_scale.jpg,0
DSC_0572_scale.jpg,0
DSC_0573_scale.jpg,0
DSC_0577_scale.jpg,0
DSC_0579_scale.jpg,0
DSC_0580_scale.jpg,0
DSC_0581_scale.jpg,0
DSC_0584_scale.jpg,0
DSC_0585_scale.jpg,0
DSC_0586_scale.jpg,0
DSC_0588_scale.jpg,0
DSC_0591_scale.jpg,0
DSC_0596_scale.jpg,0
DSC_0597_scale.jpg,0
DSC_0598_scale.jpg,0
DSC_0600_scale.jpg,0
DSC_0601_scale.jpg,0
DSC_0605_scale.jpg,0
DSC_0606_scale.jpg,0
DSC_0607_scale.jpg,0
DSC_0608_scale.jpg,0
DSC_0609_scale.jpg,0
DSC_0610_scale.jpg,0
DSC_0611_scale.jpg,0
DSC_0613_scale.jpg,0
DSC_0614_scale.jpg,0
DSC_0615_scale.jpg,0
DSC_0616_scale.jpg,0
DSC_0617_scale.jpg,0
DSC_0618_scale.jpg,0
DSC_0619_scale.jpg,0
DSC_0620_scale.jpg,0
DSC_0621_scale.jpg,0
DSC_0622_scale.jpg,0
DSC_0623_scale.jpg,0
DSC_0624_scale.jpg,0
DSC_0625_scale.jpg,0
DSC_0626_scale.jpg,0
DSC_0627_scale.jpg,0
DSC_0628_scale.jpg,0
DSC_0629_scale.jpg,0
DSC_0630_scale.jpg,0
DSC_0631_scale.jpg,0
DSC_0632_scale.jpg,0
DSC_0633_scale.jpg,0
DSC_0634_scale.jpg,0
DSC_0635_scale.jpg,0
DSC_0636_scale.jpg,0
DSC_0637_scale.jpg,0
DSC_0638_scale.jpg,0
DSC_0639_scale.jpg,0
DSC_0640_scale.jpg,0
DSC_0642_scale.jpg,0
DSC_0643_scale.jpg,0
DSC_0644_scale.jpg,0
DSC_0645_scale.jpg,0
DSC_0646_scale.jpg,0
DSC_0647_scale.jpg,0
DSC_0648tamp1.jpg,1
DSC_0648tamp10.jpg,1
DSC_0648tamp11.jpg,1
DSC_0648tamp12.jpg,1
DSC_0648tamp13.jpg,1
DSC_0648tamp14.jpg,1
DSC_0648tamp2.jpg,1
DSC_0648tamp3.jpg,1
DSC_0648tamp4.jpg,1
DSC_0648tamp5.jpg,1
DSC_0648tamp6.jpg,1
DSC_0648tamp7.jpg,1
DSC_0648tamp8.jpg,1
DSC_0648tamp9.jpg,1
DSC_0648_scale.jpg,0
DSC_0651_scale.jpg,0
DSC_0652_scale.jpg,0
DSC_0653_scale.jpg,0
DSC_0654_scale.jpg,0
DSC_0655_scale.jpg,0
DSC_0669_scale.jpg,0
DSC_0670_scale.jpg,0
DSC_0671_scale.jpg,0
DSC_0672_scale.jpg,0
DSC_0673_scale.jpg,0
DSC_0676_scale.jpg,0
DSC_0734_scale.jpg,0
DSC_0735_scale.jpg,0
DSC_0736_scale.jpg,0
DSC_0737_scale.jpg,0
DSC_0738_scale.jpg,0
DSC_0739_scale.jpg,0
DSC_0740_scale.jpg,0
DSC_0741_scale.jpg,0
DSC_0743_scale.jpg,0
DSC_0744_scale.jpg,0
DSC_0745_scale.jpg,0
DSC_0746_scale.jpg,0
DSC_0747_scale.jpg,0
DSC_0748_scale.jpg,0
DSC_0749_scale.jpg,0
DSC_0750_scale.jpg,0
DSC_0751_scale.jpg,0
DSC_0752_scale.jpg,0
DSC_0753_scale.jpg,0
DSC_0754_scale.jpg,0
DSC_0755_scale.jpg,0
DSC_0756_scale.jpg,0
DSC_0757_scale.jpg,0
DSC_0758_scale.jpg,0
DSC_0759_scale.jpg,0
DSC_0760_scale.jpg,0
DSC_0761_scale.jpg,0
DSC_0762_scale.jpg,0
DSC_0763_scale.jpg,0
DSC_0764_scale.jpg,0
DSC_0765_scale.jpg,0
DSC_0766_scale.jpg,0
DSC_0767_scale.jpg,0
DSC_0768_scale.jpg,0
DSC_0769_scale.jpg,0
DSC_0770_scale.jpg,0
DSC_0771_scale.jpg,0
DSC_0772_scale.jpg,0
DSC_0773_scale.jpg,0
DSC_0774_scale.jpg,0
DSC_0775_scale.jpg,0
DSC_0812tamp1.jpg,1
DSC_0812tamp10.jpg,1
DSC_0812tamp11.jpg,1
DSC_0812tamp12.jpg,1
DSC_0812tamp13.jpg,1
DSC_0812tamp14.jpg,1
DSC_0812tamp2.jpg,1
DSC_0812tamp3.jpg,1
DSC_0812tamp4.jpg,1
DSC_0812tamp5.jpg,1
DSC_0812tamp6.jpg,1
DSC_0812tamp7.jpg,1
DSC_0812tamp8.jpg,1
DSC_0812tamp9.jpg,1
DSC_0812_scale.jpg,0
DSC_0912_scale.jpg,0
DSC_0913_scale.jpg,0
DSC_0915_scale.jpg,0
DSC_0965_scale.jpg,0
DSC_0966_scale.jpg,0
DSC_0968_scale.jpg,0
DSC_0970_scale.jpg,0
DSC_0971_scale.jpg,0
DSC_0973_scale.jpg,0
DSC_0974_scale.jpg,0
DSC_0977_scale.jpg,0
DSC_0978_scale.jpg,0
DSC_0979_scale.jpg,0
DSC_0981_scale.jpg,0
DSC_0984_scale.jpg,0
DSC_0985_scale.jpg,0
DSC_0986_scale.jpg,0
DSC_0991_scale.jpg,0
DSC_0992_scale.jpg,0
DSC_1005_scale.jpg,0
DSC_1006_scale.jpg,0
DSC_1007_scale.jpg,0
DSC_1010_scale.jpg,0
DSC_1011_scale.jpg,0
DSC_1012_scale.jpg,0
DSC_1013_scale.jpg,0
DSC_1014_scale.jpg,0
DSC_1015_scale.jpg,0
DSC_1016_scale.jpg,0
DSC_1017_scale.jpg,0
DSC_1018_scale.jpg,0
DSC_1019_scale.jpg,0
DSC_1020_scale.jpg,0
DSC_1021_scale.jpg,0
DSC_1022_scale.jpg,0
DSC_1023_scale.jpg,0
DSC_1024_scale.jpg,0
DSC_1025_scale.jpg,0
DSC_1026_scale.jpg,0
DSC_1027_scale.jpg,0
DSC_1028_scale.jpg,0
DSC_1029_scale.jpg,0
DSC_1030_scale.jpg,0
DSC_1031_scale.jpg,0
DSC_1032_scale.jpg,0
DSC_1033_scale.jpg,0
DSC_1034_scale.jpg,0
DSC_1035_scale.jpg,0
DSC_1036_scale.jpg,0
DSC_1037_scale.jpg,0
DSC_1038_scale.jpg,0
DSC_1039_scale.jpg,0
DSC_1040_scale.jpg,0
DSC_1041_scale.jpg,0
DSC_1042_scale.jpg,0
DSC_1043_scale.jpg,0
DSC_1044_scale.jpg,0
DSC_1045_scale.jpg,0
DSC_1046_scale.jpg,0
DSC_1047_scale.jpg,0
DSC_1048_scale.jpg,0
DSC_1049_scale.jpg,0
DSC_1050_scale.jpg,0
DSC_1051_scale.jpg,0
DSC_1052_scale.jpg,0
DSC_1054_scale.jpg,0
DSC_1055_scale.jpg,0
DSC_1056_scale.jpg,0
DSC_1057_scale.jpg,0
DSC_1058_scale.jpg,0
DSC_1059_scale.jpg,0
DSC_1060_scale.jpg,0
DSC_1061_scale.jpg,0
DSC_1062_scale.jpg,0
DSC_1100_scale.jpg,0
DSC_1101_scale.jpg,0
DSC_1102_scale.jpg,0
DSC_1103_scale.jpg,0
DSC_1104_scale.jpg,0
DSC_1121_scale.jpg,0
DSC_1122_scale.jpg,0
DSC_1123_scale.jpg,0
DSC_1124_scale.jpg,0
DSC_1125_scale.jpg,0
DSC_1127_scale.jpg,0
DSC_1128_scale.jpg,0
DSC_1129_scale.jpg,0
DSC_1130_scale.jpg,0
DSC_1132_scale.jpg,0
DSC_1133_scale.jpg,0
DSC_1134_scale.jpg,0
DSC_1137_scale.jpg,0
DSC_1138_scale.jpg,0
DSC_1139_scale.jpg,0
DSC_1140_scale.jpg,0
DSC_1141_scale.jpg,0
DSC_1142_scale.jpg,0
DSC_1143_scale.jpg,0
DSC_1145_scale.jpg,0
DSC_1146_scale.jpg,0
DSC_1147_scale.jpg,0
DSC_1148_scale.jpg,0
DSC_1149_scale.jpg,0
DSC_1150_scale.jpg,0
DSC_1174_scale.jpg,0
DSC_1175_scale.jpg,0
DSC_1176_scale.jpg,0
DSC_1177_scale.jpg,0
DSC_1178_scale.jpg,0
DSC_1179_scale.jpg,0
DSC_1180_scale.jpg,0
DSC_1181_scale.jpg,0
DSC_1182_scale.jpg,0
DSC_1185_scale.jpg,0
DSC_1186_scale.jpg,0
DSC_1187_scale.jpg,0
DSC_1195_scale.jpg,0
DSC_1196_scale.jpg,0
DSC_1197_scale.jpg,0
DSC_1198_scale.jpg,0
DSC_1199_scale.jpg,0
DSC_1200_scale.jpg,0
DSC_1201_scale.jpg,0
DSC_1202_scale.jpg,0
DSC_1203_scale.jpg,0
DSC_1204_scale.jpg,0
DSC_1205_scale.jpg,0
DSC_1206_scale.jpg,0
DSC_1207_scale.jpg,0
DSC_1208_scale.jpg,0
DSC_1209_scale.jpg,0
DSC_1210_scale.jpg,0
DSC_1211_scale.jpg,0
DSC_1212_scale.jpg,0
DSC_1213_scale.jpg,0
DSC_1214_scale.jpg,0
DSC_1215_scale.jpg,0
DSC_1216_scale.jpg,0
DSC_1217_scale.jpg,0
DSC_1218_scale.jpg,0
DSC_1220_scale.jpg,0
DSC_1221_scale.jpg,0
DSC_1222_scale.jpg,0
DSC_1224_scale.jpg,0
DSC_1225_scale.jpg,0
DSC_1226_scale.jpg,0
DSC_1227_scale.jpg,0
DSC_1228_scale.jpg,0
DSC_1229_scale.jpg,0
DSC_1230_scale.jpg,0
DSC_1231_scale.jpg,0
DSC_1232_scale.jpg,0
DSC_1233_scale.jpg,0
DSC_1234_scale.jpg,0
DSC_1235_scale.jpg,0
DSC_1236_scale.jpg,0
DSC_1237_scale.jpg,0
DSC_1238_scale.jpg,0
DSC_1239_scale.jpg,0
DSC_1240_scale.jpg,0
DSC_1241_scale.jpg,0
DSC_1242_scale.jpg,0
DSC_1243_scale.jpg,0
DSC_1244_scale.jpg,0
DSC_1245_scale.jpg,0
DSC_1246_scale.jpg,0
DSC_1247_scale.jpg,0
DSC_1248_scale.jpg,0
DSC_1250_scale.jpg,0
DSC_1251_scale.jpg,0
DSC_1252_scale.jpg,0
DSC_1253_scale.jpg,0
DSC_1254_scale.jpg,0
DSC_1255_scale.jpg,0
DSC_1257_scale.jpg,0
DSC_1259_scale.jpg,0
DSC_1260_scale.jpg,0
DSC_1262_scale.jpg,0
DSC_1263_scale.jpg,0
DSC_1264_scale.jpg,0
DSC_1265_scale.jpg,0
DSC_1266_scale.jpg,0
DSC_1267_scale.jpg,0
DSC_1268_scale.jpg,0
DSC_1269_scale.jpg,0
DSC_1270_scale.jpg,0
DSC_1271_scale.jpg,0
DSC_1275_scale.jpg,0
DSC_1276_scale.jpg,0
DSC_1277_scale.jpg,0
DSC_1278_scale.jpg,0
DSC_1279_scale.jpg,0
DSC_1280_scale.jpg,0
DSC_1281_scale.jpg,0
DSC_1282_scale.jpg,0
DSC_1283_scale.jpg,0
DSC_1284_scale.jpg,0
DSC_1285_scale.jpg,0
DSC_1286_scale.jpg,0
DSC_1287_scale.jpg,0
DSC_1305_scale.jpg,0
DSC_1306_scale.jpg,0
DSC_1307_scale.jpg,0
DSC_1308_scale.jpg,0
DSC_1310_scale.jpg,0
DSC_1312_scale.jpg,0
DSC_1313_scale.jpg,0
DSC_1314_scale.jpg,0
DSC_1315_scale.jpg,0
DSC_1316_scale.jpg,0
DSC_1317_scale.jpg,0
DSC_1340_scale.jpg,0
DSC_1341_scale.jpg,0
DSC_1342_scale.jpg,0
DSC_1343_scale.jpg,0
DSC_1345_scale.jpg,0
DSC_1346_scale.jpg,0
DSC_1347_scale.jpg,0
DSC_1348_scale.jpg,0
DSC_1349_scale.jpg,0
DSC_1350_scale.jpg,0
DSC_1351_scale.jpg,0
DSC_1352_scale.jpg,0
DSC_1353_scale.jpg,0
DSC_1354_scale.jpg,0
DSC_1355_scale.jpg,0
DSC_1356_scale.jpg,0
DSC_1357_scale.jpg,0
DSC_1358_scale.jpg,0
DSC_1359_scale.jpg,0
DSC_1360_scale.jpg,0
DSC_1361_scale.jpg,0
DSC_1362_scale.jpg,0
DSC_1363_scale.jpg,0
DSC_1365_scale.jpg,0
DSC_1405_scale.jpg,0
DSC_1406_scale.jpg,0
DSC_1407_scale.jpg,0
DSC_1408_scale.jpg,0
DSC_1409_scale.jpg,0
DSC_1410_scale.jpg,0
DSC_1411_scale.jpg,0
DSC_1412_scale.jpg,0
DSC_1414_scale.jpg,0
DSC_1416_scale.jpg,0
DSC_1417_scale.jpg,0
DSC_1418_scale.jpg,0
DSC_1419_scale.jpg,0
DSC_1421_scale.jpg,0
DSC_1422_scale.jpg,0
DSC_1423_scale.jpg,0
DSC_1424_scale.jpg,0
DSC_1425_scale.jpg,0
DSC_1426_scale.jpg,0
DSC_1428_scale.jpg,0
DSC_1535tamp1.jpg,1
DSC_1535tamp10.jpg,1
DSC_1535tamp11.jpg,1
DSC_1535tamp12.jpg,1
DSC_1535tamp13.jpg,1
DSC_1535tamp14.jpg,1
DSC_1535tamp2.jpg,1
DSC_1535tamp3.jpg,1
DSC_1535tamp4.jpg,1
DSC_1535tamp5.jpg,1
DSC_1535tamp6.jpg,1
DSC_1535tamp7.jpg,1
DSC_1535tamp8.jpg,1
DSC_1535tamp9.jpg,1
DSC_1535_scale.jpg,0
DSC_1540tamp1.jpg,1
DSC_1540tamp10.jpg,1
DSC_1540tamp11.jpg,1
DSC_1540tamp12.jpg,1
DSC_1540tamp13.jpg,1
DSC_1540tamp14.jpg,1
DSC_1540tamp2.jpg,1
DSC_1540tamp3.jpg,1
DSC_1540tamp4.jpg,1
DSC_1540tamp5.jpg,1
DSC_1540tamp6.jpg,1
DSC_1540tamp7.jpg,1
DSC_1540tamp8.jpg,1
DSC_1540tamp9.jpg,1
DSC_1540_scale.jpg,0
DSC_1568tamp1.jpg,1
DSC_1568tamp10.jpg,1
DSC_1568tamp11.jpg,1
DSC_1568tamp12.jpg,1
DSC_1568tamp13.jpg,1
DSC_1568tamp14.jpg,1
DSC_1568tamp2.jpg,1
DSC_1568tamp3.jpg,1
DSC_1568tamp4.jpg,1
DSC_1568tamp5.jpg,1
DSC_1568tamp6.jpg,1
DSC_1568tamp7.jpg,1
DSC_1568tamp8.jpg,1
DSC_1568tamp9.jpg,1
DSC_1568_scale.jpg,0
DSC_1598_scale.jpg,0
DSC_1599_scale.jpg,0
DSC_1600_scale.jpg,0
DSC_1602_scale.jpg,0
DSC_1603_scale.jpg,0
DSC_1604_scale.jpg,0
DSC_1605_scale.jpg,0
DSC_1606_scale.jpg,0
DSC_1607_scale.jpg,0
DSC_1608_scale.jpg,0
DSC_1609_scale.jpg,0
DSC_1610_scale.jpg,0
DSC_1611_scale.jpg,0
DSC_1716tamp1.jpg,1
DSC_1716tamp10.jpg,1
DSC_1716tamp11.jpg,1
DSC_1716tamp12.jpg,1
DSC_1716tamp13.jpg,1
DSC_1716tamp14.jpg,1
DSC_1716tamp2.jpg,1
DSC_1716tamp3.jpg,1
DSC_1716tamp4.jpg,1
DSC_1716tamp5.jpg,1
DSC_1716tamp6.jpg,1
DSC_1716tamp7.jpg,1
DSC_1716tamp8.jpg,1
DSC_1716tamp9.jpg,1
DSC_1716_scale.jpg,0
DSC_1811tamp1.jpg,1
DSC_1811tamp10.jpg,1
DSC_1811tamp11.jpg,1
DSC_1811tamp12.jpg,1
DSC_1811tamp13.jpg,1
DSC_1811tamp14.jpg,1
DSC_1811tamp2.jpg,1
DSC_1811tamp3.jpg,1
DSC_1811tamp4.jpg,1
DSC_1811tamp5.jpg,1
DSC_1811tamp6.jpg,1
DSC_1811tamp7.jpg,1
DSC_1811tamp8.jpg,1
DSC_1811tamp9.jpg,1
DSC_1811_scale.jpg,0
DSC_1943tamp1.jpg,1
DSC_1943tamp10.jpg,1
DSC_1943tamp11.jpg,1
DSC_1943tamp12.jpg,1
DSC_1943tamp13.jpg,1
DSC_1943tamp14.jpg,1
DSC_1943tamp2.jpg,1
DSC_1943tamp3.jpg,1
DSC_1943tamp4.jpg,1
DSC_1943tamp5.jpg,1
DSC_1943tamp6.jpg,1
DSC_1943tamp7.jpg,1
DSC_1943tamp8.jpg,1
DSC_1943tamp9.jpg,1
DSC_1943_scale.jpg,0
groundtruthDB_2000.txt,0
icvss0839_scale.jpg,0
icvss0843_scale.jpg,0
IMG_2140_scale.jpg,0
IMG_2143_scale.jpg,0
IMG_2144_scale.jpg,0
IMG_2151_scale.jpg,0
IMG_2161_scale.jpg,0
IMG_2163_scale.jpg,0
IMG_2178_scale.jpg,0
IMG_2185_scale.jpg,0
IMG_2190_scale.jpg,0
IMG_2191_scale.jpg,0
IMG_2192_scale.jpg,0
IMG_2197_scale.jpg,0
IMG_2201_scale.jpg,0
IMG_2202_scale.jpg,0
IMG_2203_scale.jpg,0
IMG_2207_scale.jpg,0
IMG_2208_scale.jpg,0
IMG_2220_scale.jpg,0
IMG_2221_scale.jpg,0
IMG_2222_scale.jpg,0
IMG_2226_scale.jpg,0
IMG_2230_scale.jpg,0
IMG_2240_scale.jpg,0
IMG_2252_scale.jpg,0
IMG_2255_scale.jpg,0
IMG_2262_scale.jpg,0
IMG_2268_scale.jpg,0
IMG_2295_scale.jpg,0
IMG_2310_scale.jpg,0
IMG_2313_scale.jpg,0
IMG_2328_scale.jpg,0
IMG_2333_scale.jpg,0
IMG_2336_scale.jpg,0
IMG_2360_scale.jpg,0
IMG_2364_scale.jpg,0
IMG_2373_scale.jpg,0
IMG_2382_scale.jpg,0
IMG_2383_scale.jpg,0
IMG_2391_scale.jpg,0
IMG_2394_scale.jpg,0
IMG_2395_scale.jpg,0
IMG_2407_scale.jpg,0
IMG_2414_scale.jpg,0
IMG_2417_scale.jpg,0
IMG_2421_scale.jpg,0
IMG_2449_scale.jpg,0
IMG_2463_scale.jpg,0
IMG_2495_scale.jpg,0
IMG_2502_scale.jpg,0
IMG_2504_scale.jpg,0
IMG_2505_scale.jpg,0
IMG_2511_scale.jpg,0
IMG_2512_scale.jpg,0
IMG_2513_scale.jpg,0
IMG_2516_scale.jpg,0
IMG_2519_scale.jpg,0
IMG_2536_scale.jpg,0
IMG_2539_scale.jpg,0
IMG_2540_scale.jpg,0
IMG_2543_scale.jpg,0
IMG_2554_scale.jpg,0
IMG_2568_scale.jpg,0
IMG_2569_scale.jpg,0
IMG_2573_scale.jpg,0
IMG_2582_scale.jpg,0
IMG_2591_scale.jpg,0
IMG_2597_scale.jpg,0
IMG_2604_scale.jpg,0
IMG_2605_scale.jpg,0
IMG_2607_scale.jpg,0
IMG_2611_scale.jpg,0
IMG_2617_scale.jpg,0
IMG_2619_scale.jpg,0
IMG_2620_scale.jpg,0
IMG_2630_scale.jpg,0
IMG_2635_scale.jpg,0
IMG_2636_scale.jpg,0
IMG_2642_scale.jpg,0
IMG_2643_scale.jpg,0
IMG_2646_scale.jpg,0
IMG_2649_scale.jpg,0
IMG_2655_scale.jpg,0
IMG_2656_scale.jpg,0
IMG_2665_scale.jpg,0
IMG_2667_scale.jpg,0
IMG_2669_scale.jpg,0
IMG_2671_scale.jpg,0
IMG_2677_scale.jpg,0
IMG_2681_scale.jpg,0
IMG_2682_scale.jpg,0
IMG_2684_scale.jpg,0
IMG_2687_scale.jpg,0
IMG_2688_scale.jpg,0
IMG_2689_scale.jpg,0
IMG_2692_scale.jpg,0
IMG_2706_scale.jpg,0
IMG_2925_scale.jpg,0
IMG_2926_scale.jpg,0
IMG_2927_scale.jpg,0
IMG_2928_scale.jpg,0
IMG_2929_scale.jpg,0
IMG_2930_scale.jpg,0
IMG_2931_scale.jpg,0
IMG_2932_scale.jpg,0
IMG_2933_scale.jpg,0
IMG_2934_scale.jpg,0
IMG_2935_scale.jpg,0
IMG_2936_scale.jpg,0
IMG_2938_scale.jpg,0
IMG_2973_scale.jpg,0
IMG_2974_scale.jpg,0
IMG_2975_scale.jpg,0
IMG_2977_scale.jpg,0
IMG_2992_scale.jpg,0
IMG_2993_scale.jpg,0
IMG_2994_scale.jpg,0
IMG_2995_scale.jpg,0
IMG_3005_scale.jpg,0
IMG_3006_scale.jpg,0
IMG_3007_scale.jpg,0
IMG_3008_scale.jpg,0
IMG_3009_scale.jpg,0
IMG_3010_scale.jpg,0
IMG_3011_scale.jpg,0
IMG_3564_scale.jpg,0
IMG_3589_scale.jpg,0
IMG_3602_scale.jpg,0
IMG_3617_scale.jpg,0
IMG_3647_scale.jpg,0
IMG_3648_scale.jpg,0
IMG_3649_scale.jpg,0
IMG_3657_scale.jpg,0
IMG_3662_scale.jpg,0
IMG_3678_scale.jpg,0
IMG_3679_scale.jpg,0
IMG_4394_scale.jpg,0
Immagine001_scale.jpg,0
Immagine002_scale.jpg,0
Immagine013_scale.jpg,0
Immagine022_scale.jpg,0
nikon7_scale.jpg,0
nikon_7tamp1.jpg,1
nikon_7tamp10.jpg,1
nikon_7tamp11.jpg,1
nikon_7tamp12.jpg,1
nikon_7tamp13.jpg,1
nikon_7tamp14.jpg,1
nikon_7tamp2.jpg,1
nikon_7tamp3.jpg,1
nikon_7tamp4.jpg,1
nikon_7tamp5.jpg,1
nikon_7tamp6.jpg,1
nikon_7tamp7.jpg,1
nikon_7tamp8.jpg,1
nikon_7tamp9.jpg,1
P1000231tamp1.jpg,1
P1000231tamp10.jpg,1
P1000231tamp11.jpg,1
P1000231tamp12.jpg,1
P1000231tamp13.jpg,1
P1000231tamp14.jpg,1
P1000231tamp2.jpg,1
P1000231tamp3.jpg,1
P1000231tamp4.jpg,1
P1000231tamp5.jpg,1
P1000231tamp6.jpg,1
P1000231tamp7.jpg,1
P1000231tamp8.jpg,1
P1000231tamp9.jpg,1
P1000231_scale.jpg,0
P1000293tamp1.jpg,1
P1000293tamp10.jpg,1
P1000293tamp11.jpg,1
P1000293tamp12.jpg,1
P1000293tamp13.jpg,1
P1000293tamp14.jpg,1
P1000293tamp2.jpg,1
P1000293tamp3.jpg,1
P1000293tamp4.jpg,1
P1000293tamp5.jpg,1
P1000293tamp6.jpg,1
P1000293tamp7.jpg,1
P1000293tamp8.jpg,1
P1000293tamp9.jpg,1
P1000293_scale.jpg,0
P1000472tamp1.jpg,1
P1000472tamp10.jpg,1
P1000472tamp11.jpg,1
P1000472tamp12.jpg,1
P1000472tamp13.jpg,1
P1000472tamp14.jpg,1
P1000472tamp2.jpg,1
P1000472tamp3.jpg,1
P1000472tamp4.jpg,1
P1000472tamp5.jpg,1
P1000472tamp6.jpg,1
P1000472tamp7.jpg,1
P1000472tamp8.jpg,1
P1000472tamp9.jpg,1
P1000472_scale.jpg,0
P1000528tamp1.jpg,1
P1000528tamp10.jpg,1
P1000528tamp11.jpg,1
P1000528tamp12.jpg,1
P1000528tamp13.jpg,1
P1000528tamp14.jpg,1
P1000528tamp2.jpg,1
P1000528tamp3.jpg,1
P1000528tamp4.jpg,1
P1000528tamp5.jpg,1
P1000528tamp6.jpg,1
P1000528tamp7.jpg,1
P1000528tamp8.jpg,1
P1000528tamp9.jpg,1
P1000528_scale.jpg,0
P1020031_scale.jpg,0
P1020032_scale.jpg,0
P1020035_scale.jpg,0
P1020544_scale.jpg,0
P1020680_scale.jpg,0
P1020681_scale.jpg,0
P1020682_scale.jpg,0
P1020683_scale.jpg,0
P1020684_scale.jpg,0
P1020685_scale.jpg,0
P1020686_scale.jpg,0
P1020687_scale.jpg,0
P1020688_scale.jpg,0
P1020689_scale.jpg,0
P1020690_scale.jpg,0
P1020691_scale.jpg,0
P1020692_scale.jpg,0
P1020693_scale.jpg,0
P1020694_scale.jpg,0
P1020695_scale.jpg,0
P1020696_scale.jpg,0
P1020697_scale.jpg,0
P1020698_scale.jpg,0
P1020699_scale.jpg,0
P1020700_scale.jpg,0
P1020701_scale.jpg,0
P1020702_scale.jpg,0
P1020703_scale.jpg,0
P1020704_scale.jpg,0
P1020705_scale.jpg,0
P1020706_scale.jpg,0
P1020707_scale.jpg,0
P1020708_scale.jpg,0
P1020709_scale.jpg,0
P1020710_scale.jpg,0
P1020711_scale.jpg,0
P1020712_scale.jpg,0
P1020713_scale.jpg,0
P1020714_scale.jpg,0
P1020715_scale.jpg,0
P1020716_scale.jpg,0
P1020717_scale.jpg,0
P1020718_scale.jpg,0
P1020719_scale.jpg,0
P1020720_scale.jpg,0
P1020721_scale.jpg,0
P1020722_scale.jpg,0
P1020723_scale.jpg,0
P1020724_scale.jpg,0
P1020725_scale.jpg,0
P1020726_scale.jpg,0
P1020727_scale.jpg,0
P1020728_scale.jpg,0
P1020729_scale.jpg,0
P1020730_scale.jpg,0
P1020731_scale.jpg,0
P1020732_scale.jpg,0
P1020733_scale.jpg,0
P1020734_scale.jpg,0
P1020735_scale.jpg,0
P1020736_scale.jpg,0
P1020737_scale.jpg,0
P1020738_scale.jpg,0
P1020739_scale.jpg,0
P1020740_scale.jpg,0
P1020741_scale.jpg,0
P1020742_scale.jpg,0
P1020744_scale.jpg,0
P1020745_scale.jpg,0
P1020746_scale.jpg,0
P1020747_scale.jpg,0
P1020748_scale.jpg,0
P1020750_scale.jpg,0
P1020751_scale.jpg,0
P1020752_scale.jpg,0
P1020753_scale.jpg,0
P1020754_scale.jpg,0
P1020755_scale.jpg,0
P1020756_scale.jpg,0
P1020758_scale.jpg,0
P1020759_scale.jpg,0
P1020760_scale.jpg,0
P1020761_scale.jpg,0
P1020762_scale.jpg,0
P1020763_scale.jpg,0
P1020764_scale.jpg,0
P1020765_scale.jpg,0
P1020766_scale.jpg,0
P1020767_scale.jpg,0
P1020768_scale.jpg,0
P1020769_scale.jpg,0
P1020771_scale.jpg,0
P1020773_scale.jpg,0
P1020774_scale.jpg,0
P1020775_scale.jpg,0
P1020776_scale.jpg,0
P1020777_scale.jpg,0
P1020778_scale.jpg,0
P1020779_scale.jpg,0
P1020780_scale.jpg,0
P1020781_scale.jpg,0
P1020782_scale.jpg,0
P1020783_scale.jpg,0
P1020784_scale.jpg,0
P1020785_scale.jpg,0
P1020786_scale.jpg,0
P1020788_scale.jpg,0
P1020789_scale.jpg,0
P1020790_scale.jpg,0
P1020791_scale.jpg,0
P1020792_scale.jpg,0
P1020793_scale.jpg,0
P1020794_scale.jpg,0
P1020795_scale.jpg,0
P1020796_scale.jpg,0
P1020797_scale.jpg,0
P1020798_scale.jpg,0
P1020799_scale.jpg,0
P1020800_scale.jpg,0
P1020801_scale.jpg,0
P1020802_scale.jpg,0
P1020803_scale.jpg,0
P1020804_scale.jpg,0
P1020805_scale.jpg,0
P1020806_scale.jpg,0
P1020807_scale.jpg,0
P1020808_scale.jpg,0
P1020810_scale.jpg,0
P1020811_scale.jpg,0
P1020812_scale.jpg,0
P1020813_scale.jpg,0
P1020815_scale.jpg,0
P1020817_scale.jpg,0
P1020818_scale.jpg,0
P1020819_scale.jpg,0
P1020820_scale.jpg,0
P1020821_scale.jpg,0
P3260056_scale.jpg,0
P3270318_scale.jpg,0
P3270320_scale.jpg,0
P3270326_scale.jpg,0
P3270332_scale.jpg,0
P4120010tamp1.jpg,1
P4120010tamp10.jpg,1
P4120010tamp11.jpg,1
P4120010tamp12.jpg,1
P4120010tamp13.jpg,1
P4120010tamp14.jpg,1
P4120010tamp2.jpg,1
P4120010tamp3.jpg,1
P4120010tamp4.jpg,1
P4120010tamp5.jpg,1
P4120010tamp6.jpg,1
P4120010tamp7.jpg,1
P4120010tamp8.jpg,1
P4120010tamp9.jpg,1
P4120010_scale.jpg,0
P4120018_scale.jpg,0
P4130053_scale.jpg,0
P4130064_scale.jpg,0
P6040359_scale.jpg,0
P6040364_scale.jpg,0
P6040369_scale.jpg,0
P6040372_scale.jpg,0
P6050381_scale.jpg,0
P6070389_scale.jpg,0
P6130410_scale.jpg,0
P6280075_scale.jpg,0
P6290079_scale.jpg,0
P6290080_scale.jpg,0
P6300085_scale.jpg,0
P6300087_scale.jpg,0
P6300089_scale.jpg,0
P6300091_scale.jpg,0
P6300092_scale.jpg,0
P6300096_scale.jpg,0
P6300098_scale.jpg,0
P6300099tamp1.jpg,1
P6300099tamp10.jpg,1
P6300099tamp11.jpg,1
P6300099tamp12.jpg,1
P6300099tamp13.jpg,1
P6300099tamp14.jpg,1
P6300099tamp2.jpg,1
P6300099tamp3.jpg,1
P6300099tamp4.jpg,1
P6300099tamp5.jpg,1
P6300099tamp6.jpg,1
P6300099tamp7.jpg,1
P6300099tamp8.jpg,1
P6300099tamp9.jpg,1
P6300099_scale.jpg,0
P6300106_scale.jpg,0
P6300109_scale.jpg,0
P6300116_scale.jpg,0
P6300125_scale.jpg,0
P7010129_scale.jpg,0
P7020149_scale.jpg,0
P7020151_scale.jpg,0
P7020152_scale.jpg,0
P7020153_scale.jpg,0
P7020160_scale.jpg,0
P7020161_scale.jpg,0
P7030175_scale.jpg,0
P7030182_scale.jpg,0
P7030187_scale.jpg,0
P7030206_scale.jpg,0
P7030219_scale.jpg,0
P7030222_scale.jpg,0
P7030224_scale.jpg,0
P7050226_scale.jpg,0
P7110079_scale.jpg,0
P7110082_scale.jpg,0
P7110171_scale.jpg,0
P7110196_scale.jpg,0
P7150092_scale.jpg,0
P7150093_scale.jpg,0
P7160111_scale.jpg,0
P7160117_scale.jpg,0
P7160123_scale.jpg,0
P7160127_scale.jpg,0
P7160128_scale.jpg,0
P7290459tamp1.jpg,1
P7290459tamp10.jpg,1
P7290459tamp11.jpg,1
P7290459tamp12.jpg,1
P7290459tamp13.jpg,1
P7290459tamp14.jpg,1
P7290459tamp2.jpg,1
P7290459tamp3.jpg,1
P7290459tamp4.jpg,1
P7290459tamp5.jpg,1
P7290459tamp6.jpg,1
P7290459tamp7.jpg,1
P7290459tamp8.jpg,1
P7290459tamp9.jpg,1
P7290459_scale.jpg,0
P7310182tamp1.jpg,1
P7310182tamp10.jpg,1
P7310182tamp11.jpg,1
P7310182tamp12.jpg,1
P7310182tamp13.jpg,1
P7310182tamp14.jpg,1
P7310182tamp2.jpg,1
P7310182tamp3.jpg,1
P7310182tamp4.jpg,1
P7310182tamp5.jpg,1
P7310182tamp6.jpg,1
P7310182tamp7.jpg,1
P7310182tamp8.jpg,1
P7310182tamp9.jpg,1
P7310182_scale.jpg,0
P8020513_scale.jpg,0
P8020516_scale.jpg,0
P8030523_scale.jpg,0
P8030524_scale.jpg,0
P8040554_scale.jpg,0
P8040559_scale.jpg,0
PA260217_scale.jpg,0
PA260219_scale.jpg,0
PA260221_scale.jpg,0
PA260223_scale.jpg,0
PA260225_scale.jpg,0
PA260228_scale.jpg,0
PA260229_scale.jpg,0
PA260230_scale.jpg,0
PA260231_scale.jpg,0
PA260232_scale.jpg,0
PA260237tamp1.jpg,1
PA260237tamp10.jpg,1
PA260237tamp11.jpg,1
PA260237tamp12.jpg,1
PA260237tamp13.jpg,1
PA260237tamp14.jpg,1
PA260237tamp2.jpg,1
PA260237tamp3.jpg,1
PA260237tamp4.jpg,1
PA260237tamp5.jpg,1
PA260237tamp6.jpg,1
PA260237tamp7.jpg,1
PA260237tamp8.jpg,1
PA260237tamp9.jpg,1
PA260237_scale.jpg,0
PA270260_scale.jpg,0
PA270271_scale.jpg,0
PA270273_scale.jpg,0
PA270275_scale.jpg,0
PA270277_scale.jpg,0
PA270280_scale.jpg,0
PA280290_scale.jpg,0
PA280291_scale.jpg,0
PC020122_scale.jpg,0
PC050594_scale.jpg,0
PC190129_scale.jpg,0
PC190130_scale.jpg,0
PC190612tamp1.jpg,1
PC190612tamp10.jpg,1
PC190612tamp11.jpg,1
PC190612tamp12.jpg,1
PC190612tamp13.jpg,1
PC190612tamp14.jpg,1
PC190612tamp2.jpg,1
PC190612tamp3.jpg,1
PC190612tamp4.jpg,1
PC190612tamp5.jpg,1
PC190612tamp6.jpg,1
PC190612tamp7.jpg,1
PC190612tamp8.jpg,1
PC190612tamp9.jpg,1
PC190612_scale.jpg,0
sony_61tamp1.jpg,1
sony_61tamp10.jpg,1
sony_61tamp11.jpg,1
sony_61tamp12.jpg,1
sony_61tamp13.jpg,1
sony_61tamp14.jpg,1
sony_61tamp2.jpg,1
sony_61tamp3.jpg,1
sony_61tamp4.jpg,1
sony_61tamp5.jpg,1
sony_61tamp6.jpg,1
sony_61tamp7.jpg,1
sony_61tamp8.jpg,1
sony_61tamp9.jpg,1
sony_61_scale.jpg,0
